-- USERS

INSERT INTO USERS (USER_ID, ACCOUNTS)
VALUES (1, 'user_alpha'),
       (2, 'user_beta');


-- PRODUCT

INSERT INTO PRODUCT (PRODUCT_ID, NAME, DESCRIPTION, CATEGORY, PRICE, CREATED_AT, UPDATED_AT, QUANTITY, PRODUCT_STATE)
VALUES (1, '아이폰 15', 'Apple의 최신 스마트폰', 'ELECTRONICS', 1500000, '2025-07-01 09:00:00', '2025-07-01 09:00:00', 100,
        'AVAILABLE'),
       (2, '갤럭시 S24', 'Samsung의 프리미엄 스마트폰', 'ELECTRONICS', 1400000, '2025-07-01 09:00:00', '2025-07-01 09:00:00', 100,
        'AVAILABLE'),
       (3, '맥북 프로', 'Apple의 고성능 노트북', 'ELECTRONICS', 3000000, '2025-07-01 09:00:00', '2025-07-01 09:00:00', 50,
        'AVAILABLE'),
       (4, '에어팟 프로', 'Apple의 무선 이어폰', 'ACCESSORY', 350000, '2025-07-01 09:00:00', '2025-07-01 09:00:00', 200,
        'AVAILABLE'),
       (5, '게이밍 의자', '편안한 게이밍 의자', 'FURNITURE', 250000, '2025-07-01 09:00:00', '2025-07-01 09:00:00', 30, 'AVAILABLE'),
       (6, '닌텐도 스위치', '가정용 콘솔 게임기', 'GAME', 450000, '2025-07-01 09:00:00', '2025-07-01 09:00:00', 80, 'AVAILABLE'),
       (7, '커피 머신', '프리미엄 커피 머신', 'KITCHEN', 500000, '2025-07-01 09:00:00', '2025-07-01 09:00:00', 40, 'AVAILABLE'),
       (8, '공기청정기', '스마트 공기청정기', 'HOME', 300000, '2025-07-01 09:00:00', '2025-07-01 09:00:00', 70, 'AVAILABLE'),
       (9, '무선 마우스', '로지텍 무선 마우스', 'ACCESSORY', 70000, '2025-07-01 09:00:00', '2025-07-01 09:00:00', 150, 'AVAILABLE'),
       (10, '노트북 거치대', '알루미늄 거치대', 'ACCESSORY', 50000, '2025-07-01 09:00:00', '2025-07-01 09:00:00', 100, 'AVAILABLE');


-- ORDERS

INSERT INTO ORDERS (ORDER_ID, USER_ID, ORDER_STATUS, TOTAL_AMOUNT, DISCOUNT_AMOUNT, PAID_AMOUNT, ORDER_DATE,
                    UPDATE_DATE, ORDERED_AT, UPDATED_AT)
VALUES (1, 1, 'COMPLETED', 5050000, 505000, 4545000, '2025-07-09', '2025-07-09', '2025-07-09 10:00:00',
        '2025-07-09 10:30:00'),
       (2, 1, 'COMPLETED', 11190000, 1119000, 10071000, '2025-07-02', '2025-07-02', '2025-07-02 10:00:00',
        '2025-07-02 10:30:00'),
       (3, 1, 'COMPLETED', 13960000, 1396000, 12564000, '2025-07-05', '2025-07-05', '2025-07-05 10:00:00',
        '2025-07-05 10:30:00'),
       (4, 1, 'COMPLETED', 17930000, 1793000, 16137000, '2025-07-03', '2025-07-03', '2025-07-03 10:00:00',
        '2025-07-03 10:30:00'),
       (5, 1, 'COMPLETED', 20610000, 2061000, 18549000, '2025-07-06', '2025-07-06', '2025-07-06 10:00:00',
        '2025-07-06 10:30:00'),
       (6, 1, 'COMPLETED', 22950000, 2295000, 20655000, '2025-07-10', '2025-07-10', '2025-07-10 10:00:00',
        '2025-07-10 10:30:00'),
       (7, 1, 'COMPLETED', 2510000, 251000, 2259000, '2025-07-01', '2025-07-01', '2025-07-01 10:00:00',
        '2025-07-01 10:30:00'),
       (8, 1, 'COMPLETED', 19950000, 1995000, 17955000, '2025-07-04', '2025-07-04', '2025-07-04 10:00:00',
        '2025-07-04 10:30:00'),
       (9, 1, 'COMPLETED', 9650000, 965000, 8685000, '2025-07-07', '2025-07-07', '2025-07-07 10:00:00',
        '2025-07-07 10:30:00'),
       (10, 1, 'COMPLETED', 12800000, 1280000, 11520000, '2025-07-08', '2025-07-08', '2025-07-08 10:00:00',
        '2025-07-08 10:30:00');


-- ORDER_ITEM
INSERT INTO ORDER_ITEM (ORDER_ID, USER_ID, PRODUCT_NAME, PRODUCT_AMOUNT, ORDER_QUANTITY, PRODUCT_ID, ORDER_DATE,
                        UPDATE_DATE, ORDERED_AT, UPDATED_AT)
VALUES (1, 1, '노트북 거치대', 50000, 3, 10, '2025-07-01', '2025-07-01', '2025-07-31 08:28:25', '2025-07-31 08:28:25'),
       (1, 1, '커피 머신', 500000, 4, 7, '2025-07-01', '2025-07-01', '2025-07-31 08:28:25', '2025-07-31 08:28:25'),
       (1, 1, '공기청정기', 300000, 5, 8, '2025-07-01', '2025-07-01', '2025-07-31 08:28:25', '2025-07-31 08:28:25'),
       (1, 1, '에어팟 프로', 350000, 4, 4, '2025-07-01', '2025-07-01', '2025-07-31 08:28:25', '2025-07-31 08:28:25'),
       (2, 1, '공기청정기', 300000, 5, 8, '2025-07-02', '2025-07-02', '2025-07-31 08:28:25', '2025-07-31 08:28:25'),
       (2, 1, '닌텐도 스위치', 450000, 2, 6, '2025-07-02', '2025-07-02', '2025-07-31 08:28:25', '2025-07-31 08:28:25'),
       (2, 1, '에어팟 프로', 350000, 3, 4, '2025-07-02', '2025-07-02', '2025-07-31 08:28:25', '2025-07-31 08:28:25'),
       (2, 1, '무선 마우스', 70000, 2, 9, '2025-07-02', '2025-07-02', '2025-07-31 08:28:25', '2025-07-31 08:28:25'),
       (2, 1, '아이폰 15', 1500000, 5, 1, '2025-07-02', '2025-07-02', '2025-07-31 08:28:25', '2025-07-31 08:28:25'),
       (2, 1, '노트북 거치대', 50000, 2, 10, '2025-07-02', '2025-07-02', '2025-07-31 08:28:25', '2025-07-31 08:28:25'),
       (3, 1, '커피 머신', 500000, 3, 7, '2025-07-03', '2025-07-03', '2025-07-31 08:28:25', '2025-07-31 08:28:25'),
       (3, 1, '무선 마우스', 70000, 3, 9, '2025-07-03', '2025-07-03', '2025-07-31 08:28:25', '2025-07-31 08:28:25'),
       (3, 1, '맥북 프로', 3000000, 2, 3, '2025-07-03', '2025-07-03', '2025-07-31 08:28:25', '2025-07-31 08:28:25'),
       (3, 1, '갤럭시 S24', 1400000, 4, 2, '2025-07-03', '2025-07-03', '2025-07-31 08:28:25', '2025-07-31 08:28:25'),
       (3, 1, '노트북 거치대', 50000, 3, 10, '2025-07-03', '2025-07-03', '2025-07-31 08:28:25', '2025-07-31 08:28:25'),
       (3, 1, '게이밍 의자', 250000, 2, 5, '2025-07-03', '2025-07-03', '2025-07-31 08:28:25', '2025-07-31 08:28:25'),
       (4, 1, '커피 머신', 500000, 4, 7, '2025-07-04', '2025-07-04', '2025-07-31 08:28:25', '2025-07-31 08:28:25'),
       (4, 1, '에어팟 프로', 350000, 5, 4, '2025-07-04', '2025-07-04', '2025-07-31 08:28:25', '2025-07-31 08:28:25'),
       (4, 1, '노트북 거치대', 50000, 4, 10, '2025-07-04', '2025-07-04', '2025-07-31 08:28:25', '2025-07-31 08:28:25'),
       (4, 1, '공기청정기', 300000, 3, 8, '2025-07-04', '2025-07-04', '2025-07-31 08:28:25', '2025-07-31 08:28:25'),
       (4, 1, '무선 마우스', 70000, 4, 9, '2025-07-04', '2025-07-04', '2025-07-31 08:28:25', '2025-07-31 08:28:25'),
       (4, 1, '갤럭시 S24', 1400000, 3, 2, '2025-07-04', '2025-07-04', '2025-07-31 08:28:25', '2025-07-31 08:28:25'),
       (4, 1, '닌텐도 스위치', 450000, 3, 6, '2025-07-04', '2025-07-04', '2025-07-31 08:28:25', '2025-07-31 08:28:25'),
       (4, 1, '아이폰 15', 1500000, 4, 1, '2025-07-04', '2025-07-04', '2025-07-31 08:28:25', '2025-07-31 08:28:25'),
       (4, 1, '게이밍 의자', 250000, 5, 5, '2025-07-04', '2025-07-04', '2025-07-31 08:28:25', '2025-07-31 08:28:25'),
       (5, 1, '공기청정기', 300000, 5, 8, '2025-07-05', '2025-07-05', '2025-07-31 08:28:25', '2025-07-31 08:28:25'),
       (5, 1, '아이폰 15', 1500000, 4, 1, '2025-07-05', '2025-07-05', '2025-07-31 08:28:25', '2025-07-31 08:28:25'),
       (5, 1, '닌텐도 스위치', 450000, 5, 6, '2025-07-05', '2025-07-05', '2025-07-31 08:28:25', '2025-07-31 08:28:25'),
       (5, 1, '갤럭시 S24', 1400000, 2, 2, '2025-07-05', '2025-07-05', '2025-07-31 08:28:25', '2025-07-31 08:28:25'),
       (5, 1, '게이밍 의자', 250000, 3, 5, '2025-07-05', '2025-07-05', '2025-07-31 08:28:25', '2025-07-31 08:28:25'),
       (5, 1, '맥북 프로', 3000000, 2, 3, '2025-07-05', '2025-07-05', '2025-07-31 08:28:25', '2025-07-31 08:28:25'),
       (5, 1, '노트북 거치대', 50000, 2, 10, '2025-07-05', '2025-07-05', '2025-07-31 08:28:25', '2025-07-31 08:28:25'),
       (5, 1, '무선 마우스', 70000, 3, 9, '2025-07-05', '2025-07-05', '2025-07-31 08:28:25', '2025-07-31 08:28:25'),
       (5, 1, '커피 머신', 500000, 2, 7, '2025-07-05', '2025-07-05', '2025-07-31 08:28:25', '2025-07-31 08:28:25'),
       (6, 1, '갤럭시 S24', 1400000, 5, 2, '2025-07-06', '2025-07-06', '2025-07-31 08:28:25', '2025-07-31 08:28:25'),
       (6, 1, '에어팟 프로', 350000, 5, 4, '2025-07-06', '2025-07-06', '2025-07-31 08:28:25', '2025-07-31 08:28:25'),
       (6, 1, '커피 머신', 500000, 4, 7, '2025-07-06', '2025-07-06', '2025-07-31 08:28:25', '2025-07-31 08:28:25'),
       (6, 1, '노트북 거치대', 50000, 4, 10, '2025-07-06', '2025-07-06', '2025-07-31 08:28:25', '2025-07-31 08:28:25'),
       (6, 1, '맥북 프로', 3000000, 4, 3, '2025-07-06', '2025-07-06', '2025-07-31 08:28:25', '2025-07-31 08:28:25'),
       (7, 1, '닌텐도 스위치', 450000, 2, 6, '2025-07-07', '2025-07-07', '2025-07-31 08:28:25', '2025-07-31 08:28:25'),
       (7, 1, '무선 마우스', 70000, 3, 9, '2025-07-07', '2025-07-07', '2025-07-31 08:28:25', '2025-07-31 08:28:25'),
       (7, 1, '에어팟 프로', 350000, 4, 4, '2025-07-07', '2025-07-07', '2025-07-31 08:28:25', '2025-07-31 08:28:25'),
       (8, 1, '커피 머신', 500000, 2, 7, '2025-07-08', '2025-07-08', '2025-07-31 08:28:25', '2025-07-31 08:28:25'),
       (8, 1, '노트북 거치대', 50000, 4, 10, '2025-07-08', '2025-07-08', '2025-07-31 08:28:25', '2025-07-31 08:28:25'),
       (8, 1, '맥북 프로', 3000000, 5, 3, '2025-07-08', '2025-07-08', '2025-07-31 08:28:25', '2025-07-31 08:28:25'),
       (8, 1, '닌텐도 스위치', 450000, 5, 6, '2025-07-08', '2025-07-08', '2025-07-31 08:28:25', '2025-07-31 08:28:25'),
       (8, 1, '공기청정기', 300000, 5, 8, '2025-07-08', '2025-07-08', '2025-07-31 08:28:25', '2025-07-31 08:28:25'),
       (9, 1, '게이밍 의자', 250000, 5, 5, '2025-07-09', '2025-07-09', '2025-07-31 08:28:25', '2025-07-31 08:28:25'),
       (9, 1, '닌텐도 스위치', 450000, 3, 6, '2025-07-09', '2025-07-09', '2025-07-31 08:28:25', '2025-07-31 08:28:25'),
       (9, 1, '맥북 프로', 3000000, 2, 3, '2025-07-09', '2025-07-09', '2025-07-31 08:28:25', '2025-07-31 08:28:25'),
       (9, 1, '에어팟 프로', 350000, 3, 4, '2025-07-09', '2025-07-09', '2025-07-31 08:28:25', '2025-07-31 08:28:25'),
       (10, 1, '에어팟 프로', 350000, 2, 4, '2025-07-10', '2025-07-10', '2025-07-31 08:28:25', '2025-07-31 08:28:25'),
       (10, 1, '갤럭시 S24', 1400000, 5, 2, '2025-07-10', '2025-07-10', '2025-07-31 08:28:25', '2025-07-31 08:28:25'),
       (10, 1, '무선 마우스', 70000, 5, 9, '2025-07-10', '2025-07-10', '2025-07-31 08:28:25', '2025-07-31 08:28:25'),
       (10, 1, '노트북 거치대', 50000, 5, 10, '2025-07-10', '2025-07-10', '2025-07-31 08:28:25', '2025-07-31 08:28:25'),
       (10, 1, '아이폰 15', 1500000, 3, 1, '2025-07-10', '2025-07-10', '2025-07-31 08:28:25', '2025-07-31 08:28:25');

INSERT INTO ORDERS (ORDER_ID, USER_ID, ORDER_STATUS, TOTAL_AMOUNT, DISCOUNT_AMOUNT, PAID_AMOUNT, ORDER_DATE,
                    UPDATE_DATE, ORDERED_AT, UPDATED_AT)
VALUES (11, 1, 'COMPLETED', 9150000, 915000, 8235000, '2025-07-30', '2025-07-30', '2025-07-30 11:00:00',
        '2025-07-30 11:30:00'),
       (12, 1, 'COMPLETED', 5200000, 520000, 4680000, '2025-07-30', '2025-07-30', '2025-07-30 11:00:00',
        '2025-07-30 11:30:00'),
       (13, 1, 'COMPLETED', 3710000, 371000, 3339000, '2025-07-30', '2025-07-30', '2025-07-30 11:00:00',
        '2025-07-30 11:30:00'),
       (14, 1, 'COMPLETED', 14180000, 1418000, 12762000, '2025-07-31', '2025-07-31', '2025-07-31 11:00:00',
        '2025-07-31 11:30:00'),
       (15, 1, 'COMPLETED', 12860000, 1286000, 11574000, '2025-07-31', '2025-07-31', '2025-07-31 11:00:00',
        '2025-07-31 11:30:00'),
       (16, 1, 'COMPLETED', 12550000, 1255000, 11295000, '2025-07-31', '2025-07-31', '2025-07-31 11:00:00',
        '2025-07-31 11:30:00');

INSERT INTO ORDER_ITEM (ORDER_ID, USER_ID, PRODUCT_NAME, PRODUCT_AMOUNT, ORDER_QUANTITY, PRODUCT_ID, ORDER_DATE,
                        UPDATE_DATE, ORDERED_AT, UPDATED_AT)
VALUES (11, 1, '에어팟 프로', 350000, 2, 4, '2025-07-30', '2025-07-30', '2025-07-30 11:00:00', '2025-07-30 11:30:00'),
       (11, 1, '갤럭시 S24', 1400000, 4, 2, '2025-07-30', '2025-07-30', '2025-07-30 11:00:00', '2025-07-30 11:30:00'),
       (11, 1, '닌텐도 스위치', 450000, 3, 6, '2025-07-30', '2025-07-30', '2025-07-30 11:00:00', '2025-07-30 11:30:00'),
       (11, 1, '커피 머신', 500000, 3, 7, '2025-07-30', '2025-07-30', '2025-07-30 11:00:00', '2025-07-30 11:30:00'),
       (12, 1, '커피 머신', 500000, 3, 7, '2025-07-30', '2025-07-30', '2025-07-30 11:00:00', '2025-07-30 11:30:00'),
       (12, 1, '게이밍 의자', 250000, 2, 5, '2025-07-30', '2025-07-30', '2025-07-30 11:00:00', '2025-07-30 11:30:00'),
       (12, 1, '아이폰 15', 1500000, 2, 1, '2025-07-30', '2025-07-30', '2025-07-30 11:00:00', '2025-07-30 11:30:00'),
       (12, 1, '노트북 거치대', 50000, 4, 10, '2025-07-30', '2025-07-30', '2025-07-30 11:00:00', '2025-07-30 11:30:00'),
       (13, 1, '게이밍 의자', 250000, 2, 5, '2025-07-30', '2025-07-30', '2025-07-30 11:00:00', '2025-07-30 11:30:00'),
       (13, 1, '갤럭시 S24', 1400000, 2, 2, '2025-07-30', '2025-07-30', '2025-07-30 11:00:00', '2025-07-30 11:30:00'),
       (13, 1, '노트북 거치대', 50000, 4, 10, '2025-07-30', '2025-07-30', '2025-07-30 11:00:00', '2025-07-30 11:30:00'),
       (13, 1, '무선 마우스', 70000, 3, 9, '2025-07-30', '2025-07-30', '2025-07-30 11:00:00', '2025-07-30 11:30:00'),
       (14, 1, '맥북 프로', 3000000, 4, 3, '2025-07-31', '2025-07-31', '2025-07-31 11:00:00', '2025-07-31 11:30:00'),
       (14, 1, '커피 머신', 500000, 2, 7, '2025-07-31', '2025-07-31', '2025-07-31 11:00:00', '2025-07-31 11:30:00'),
       (14, 1, '닌텐도 스위치', 450000, 2, 6, '2025-07-31', '2025-07-31', '2025-07-31 11:00:00', '2025-07-31 11:30:00'),
       (14, 1, '무선 마우스', 70000, 4, 9, '2025-07-31', '2025-07-31', '2025-07-31 11:00:00', '2025-07-31 11:30:00'),
       (15, 1, '커피 머신', 500000, 4, 7, '2025-07-31', '2025-07-31', '2025-07-31 11:00:00', '2025-07-31 11:30:00'),
       (15, 1, '게이밍 의자', 250000, 2, 5, '2025-07-31', '2025-07-31', '2025-07-31 11:00:00', '2025-07-31 11:30:00'),
       (15, 1, '맥북 프로', 3000000, 3, 3, '2025-07-31', '2025-07-31', '2025-07-31 11:00:00', '2025-07-31 11:30:00'),
       (15, 1, '에어팟 프로', 350000, 3, 4, '2025-07-31', '2025-07-31', '2025-07-31 11:00:00', '2025-07-31 11:30:00'),
       (15, 1, '노트북 거치대', 50000, 2, 10, '2025-07-31', '2025-07-31', '2025-07-31 11:00:00', '2025-07-31 11:30:00'),
       (15, 1, '무선 마우스', 70000, 3, 9, '2025-07-31', '2025-07-31', '2025-07-31 11:00:00', '2025-07-31 11:30:00'),
       (16, 1, '닌텐도 스위치', 450000, 3, 6, '2025-07-31', '2025-07-31', '2025-07-31 11:00:00', '2025-07-31 11:30:00'),
       (16, 1, '공기청정기', 300000, 4, 8, '2025-07-31', '2025-07-31', '2025-07-31 11:00:00', '2025-07-31 11:30:00'),
       (16, 1, '커피 머신', 500000, 2, 7, '2025-07-31', '2025-07-31', '2025-07-31 11:00:00', '2025-07-31 11:30:00'),
       (16, 1, '맥북 프로', 3000000, 3, 3, '2025-07-31', '2025-07-31', '2025-07-31 11:00:00', '2025-07-31 11:30:00');


INSERT INTO COUPON (COUPON_ID, COUPON_NAME, EXPIRATION_DATE, ISSUABLE_QUANTITY, ISSUED_QUANTITY, REMAINING_QUANTITY, DISCOUNT_RATE)
VALUES
    (1, '신규회원 10% 할인쿠폰', '2025-08-30', 10, 5, 5, 0.1),
    (2, '선착순 이벤트 30% 할인쿠폰', '2025-08-30', 100, 10, 90, 0.3),
    (3, '선착순 이벤트 20% 할인쿠폰', '2025-08-30', 100, 15, 85, 0.2),
    (4, '선착순 이벤트 50% 할인쿠폰', '2025-09-05', 100, 20, 80, 0.5),
    (5, '선착순 이벤트 30% 할인쿠폰', '2025-09-30', 100, 25, 75, 0.3);